<it09_p43_ter.xml>
  <xmlref>http://bwt/xmlref</xmlref>
  <crew>
    <commander>	radioman	</commander>
    <gunner>
    </gunner>
    <driver>
    </driver>
    <loader>
    </loader>
  </crew>
  <speedLimits>
    <forward>	55	</forward>
    <backward>	20	</backward>
  </speedLimits>
  <invisibility>
    <moving>0.202</moving>
    <still>0.27</still>
    <camouflageBonus>0.03</camouflageBonus>
    <camouflageNetBonus>0.1</camouflageNetBonus>
    <firePenalty>0.405</firePenalty>
  </invisibility>
  <repairCost>7.3</repairCost>
  <crewXpFactor>1.0</crewXpFactor>
  <camouflage>
    <priceFactor>1.4</priceFactor>
    <tiling>1 1 0 0</tiling>
    <exclusionMask>
    </exclusionMask>
  </camouflage>
  <hull>
    <armor>
      <armor_1>	100	</armor_1>
      <armor_2>	80	</armor_2>
      <armor_3>	50	</armor_3>
      <armor_4>	50	</armor_4>
      <armor_5>	25	</armor_5>
      <armor_6>	20	</armor_6>
      <armor_7>	80	</armor_7>
      <armor_8>	0	</armor_8>
      <armor_9>	140	</armor_9>
    </armor>
    <primaryArmor>armor_1 armor_3 armor_4</primaryArmor>
    <weight>	17590	</weight>
    <maxHealth>	800	</maxHealth>
    <ammoBayHealth>
      <maxHealth>	180	</maxHealth>
      <maxRegenHealth>	120	</maxRegenHealth>
      <repairCost>1.0</repairCost>
    </ammoBayHealth>
    <variants>
    </variants>
    <models>
      <undamaged>vehicles/remodels/classicsworkshop/italy/It09_P43_ter_comprovato/normal/lod0/Hull.model</undamaged>
      <destroyed>vehicles/remodels/classicsworkshop/italy/It09_P43_ter_comprovato/crash/lod0/Hull.model</destroyed>
      <exploded>vehicles/remodels/classicsworkshop/italy/It09_P43_ter_comprovato/crash/lod0/Hull.model</exploded>
    </models>
    <swinging>
      <lodDist>FAR</lodDist>
      <pitchParams>0.34 38.00 0.36 1.00 0.05 0.34</pitchParams>
      <rollParams>1.00 0.34 38.00 0.36 1.00 0.06 0.40</rollParams>
      <sensitivityToImpulse>0.34</sensitivityToImpulse>
    </swinging>
    <exhaust>
      <pixie>diesel_large</pixie>
      <nodes>HP_Track_Exhaus_1 HP_Track_Exhaus_2</nodes>
    </exhaust>
    <turretPositions>
      <turret>-0.000090 0.53193 0.53552</turret>
    </turretPositions>
    <turretHardPoints>
      <hardPoint>HP_turretJoint</hardPoint>
    </turretHardPoints>
    <hitTester>
      <collisionModelServer>vehicles/italy/It09_P43_ter/collision/Hull.model</collisionModelServer>
      <collisionModelClient>vehicles/italy/It09_P43_ter/collision_client/Hull.model</collisionModelClient>
    </hitTester>
    <hangarShadowTexture>vehicles/italy/It09_P43_ter/P43_ter_HangarShadowMap.dds</hangarShadowTexture>
    <customization>
      <customizableVehicleAreas>
        <paint>	HULL	</paint>
        <camouflage>	HULL	</camouflage>
      </customizableVehicleAreas>
    </customization>
    <customizationSlots>
      <slot>
        <slotType>	clan	</slotType>
        <slotId>	10000	</slotId>
        <rayStart>0.885146 0.569655 2.36073</rayStart>
        <rayEnd>0.885146 0.3968 2.26013</rayEnd>
        <rayUp>0.000000 0.000000 -1</rayUp>
        <size>0.2</size>
        <hideIfDamaged>	true	</hideIfDamaged>
        <isUVProportional>	true	</isUVProportional>
      </slot>
      <slot>
        <slotType>camouflage</slotType>
        <slotId>	12000	</slotId>
        <anchorPosition>0.000000 0.484678 -2.30256</anchorPosition>
        <anchorDirection>	0.000000 0.205982 -0.978556	</anchorDirection>
      </slot>
      <slot>
        <slotType>paint</slotType>
        <slotId>	11000	</slotId>
        <anchorPosition>0.000000 0.484678 -2.30256</anchorPosition>
        <anchorDirection>	0.000000 0.205982 -0.978556	</anchorDirection>
      </slot>
	  <slot>
          <slotType>inscription</slotType>
          <slotId>	14000	</slotId>
          <rayStart>1.39388 0.466463 1.82627</rayStart>
          <rayEnd>	1.24842 0.347961 1.75414	</rayEnd>
          <rayUp>0.000000 1 0.000000</rayUp>
          <size>0.4</size>
          <hideIfDamaged>	true	</hideIfDamaged>
          <isUVProportional>	true	</isUVProportional>
        </slot>
        <slot>
          <slotType>inscription</slotType>
          <slotId>	14001	</slotId>
          <rayStart>-1.45194 0.465679 1.78524</rayStart>
          <rayEnd>	-1.30561 0.348745 1.71234	</rayEnd>
          <rayUp>0.000000 1 0.000000</rayUp>
          <size>0.4</size>
          <hideIfDamaged>	false	</hideIfDamaged>
          <isUVProportional>	true	</isUVProportional>
        </slot>
    </customizationSlots>
    <camouflage>
      <tiling>1.5 1.5 0.000000 0.000000</tiling>
      <density>97.9743 97.799</density>
      <aoTextureSize>1024 1024</aoTextureSize>
    </camouflage>
  </hull>
  <chassis>
    <Chassis_It09_P43_ter>
      <userString>#italy_vehicles:Chassis_It09_P43_ter</userString>
      <tags>
      </tags>
      <level>	6	</level>
      <price>	11900	</price>
      <unlocks>
        <chassis>Chassis_It09_P43_ter_2<cost>	9150	</cost></chassis>
      </unlocks>
      <armor>
        <leftTrack>	20	</leftTrack>
        <rightTrack>	20	</rightTrack>
      </armor>
      <weight>	9000	</weight>
      <maxLoad>	36000	</maxLoad>
      <terrainResistance>1.1 1.7 2.3</terrainResistance>
      <brakeForce>	36000	</brakeForce>
      <rotationIsAroundCenter>	false	</rotationIsAroundCenter>
      <rotationSpeed>	42	</rotationSpeed>
      <shotDispersionFactors>
        <vehicleMovement>0.2</vehicleMovement>
        <vehicleRotation>0.2</vehicleRotation>
      </shotDispersionFactors>
      <bulkHealthFactor>3.0</bulkHealthFactor>
      <maxHealth>	130	</maxHealth>
      <maxRegenHealth>	100	</maxRegenHealth>
      <repairCost>5.0</repairCost>
      <models>
        <undamaged>vehicles/remodels/classicsworkshop/italy/It09_P43_ter_comprovato/normal/lod0/Chassis.model</undamaged>
        <destroyed>vehicles/remodels/classicsworkshop/italy/It09_P43_ter_comprovato/crash/lod0/Chassis.model</destroyed>
        <exploded>vehicles/remodels/classicsworkshop/italy/It09_P43_ter_comprovato/crash/lod0/Chassis.model</exploded>
      </models>
      <traces>
        <lodDist>MEDIUM</lodDist>
        <bufferPrefs>mediumTank</bufferPrefs>
        <textureSet>germany_02</textureSet>
        <size>0.6 0.65</size>
      </traces>
      <tracks>
        <lodDist>MEDIUM_TRACK</lodDist>
        <leftMaterial>track_mat_L_skinned</leftMaterial>
        <rightMaterial>track_mat_R_skinned</rightMaterial>
        <textureScale>-3.35</textureScale>
      </tracks>
      <AODecals>
        <decal>
          <transform>
            <row0>	3.676160 0.000142 -0.001221	</row0>
            <row1>	0.000078 1.342060 -0.005908	</row1>
            <row2>	-0.001834 -0.016081 6.172180	</row2>
            <row3>	0.000000 0.000001 -0.000074	</row3>
          </transform>
        </decal>
      </AODecals>
      <wheels>
        <lodDist>MEDIUM</lodDist>
        <wheel>
          <isLeft>	true	</isLeft>
          <isLeading>	true	</isLeading>
          <name>WD_L0</name>
          <radius>	0.460681	</radius>
          <syncAngle>	40	</syncAngle>
        </wheel>
        <group>
          <isLeft>	true	</isLeft>
          <template>WD_L</template>
          <radius>0.13503</radius>
          <startIndex>	1	</startIndex>
          <count>	4	</count>
        </group>
        <wheel>
          <isLeft>	true	</isLeft>
          <isLeading>	true	</isLeading>
          <name>WD_L5</name>
          <radius>	0.319565	</radius>
          <syncAngle>	60	</syncAngle>
        </wheel>
        <group>
          <isLeft>	true	</isLeft>
          <template>W_L</template>
          <radius>	0.278486	</radius>
          <startIndex>	0	</startIndex>
          <count>	6	</count>
        </group>
        <wheel>
          <isLeft>	false	</isLeft>
          <isLeading>	true	</isLeading>
          <name>WD_R0</name>
          <radius>	0.460681	</radius>
          <syncAngle>	40	</syncAngle>
        </wheel>
        <group>
          <isLeft>	false	</isLeft>
          <template>WD_R</template>
          <radius>0.13503</radius>
          <startIndex>	1	</startIndex>
          <count>	4	</count>
        </group>
        <wheel>
          <isLeft>	false	</isLeft>
          <isLeading>	true	</isLeading>
          <name>WD_R5</name>
          <radius>	0.319881	</radius>
          <syncAngle>	60	</syncAngle>
        </wheel>
        <group>
          <isLeft>	false	</isLeft>
          <template>W_R</template>
          <radius>	0.278486	</radius>
          <startIndex>	0	</startIndex>
          <count>	6	</count>
        </group>
      </wheels>
      <drivingWheels>WD_L0 WD_L5</drivingWheels>
      <effects>
        <lodDist>MEDIUM</lodDist>
        <mud>	largeTankMud	</mud>
      </effects>
      <wwsoundPC>treads_type_pc</wwsoundPC>
      <wwsoundNPC>trds_chf_npc</wwsoundNPC>
      <hullPosition>0.000000 1.09395 0.000000</hullPosition>
      <hitTester>
        <collisionModelServer>vehicles/italy/It09_P43_ter/collision/Chassis.model</collisionModelServer>
        <collisionModelClient>vehicles/italy/It09_P43_ter/collision_client/Chassis.model</collisionModelClient>
      </hitTester>
      <topRightCarryingPoint>1.32686 2.02495</topRightCarryingPoint>
      <maxClimbAngle>	25	</maxClimbAngle>
      <navmeshGirth>6.0</navmeshGirth>
      <groundNodes>
        <group>
          <template>Track_R</template>
          <startIndex>	0	</startIndex>
          <count>	6	</count>
          <isLeft>	false	</isLeft>
          <minOffset>	-0.125187	</minOffset>
          <maxOffset>0.0262369</maxOffset>
        </group>
        <group>
          <template>Track_L</template>
          <startIndex>	0	</startIndex>
          <count>	6	</count>
          <isLeft>	true	</isLeft>
          <minOffset>	-0.125187	</minOffset>
          <maxOffset>0.0262369</maxOffset>
        </group>
      </groundNodes>
      <trackThickness>0.00537634</trackThickness>
      <splineDesc>
        <segmentModelLeft>vehicles/italy/It09_P43_ter/track/segment1.model</segmentModelLeft>
        <segmentModelRight>vehicles/italy/It09_P43_ter/track/segment1.model</segmentModelRight>
        <segment2ModelLeft>vehicles/italy/It09_P43_ter/track/segment2.model</segment2ModelLeft>
        <segment2ModelRight>vehicles/italy/It09_P43_ter/track/segment2.model</segment2ModelRight>
        <left>vehicles/italy/It09_P43_ter/track/left.track</left>
        <right>vehicles/italy/It09_P43_ter/track/right.track</right>
        <segmentLength>	0.280258	</segmentLength>
        <segmentOffset>	0.363402	</segmentOffset>
        <segment2Offset>	0.141753	</segment2Offset>
        <lodDist>SPLINE_TRACK</lodDist>
        <atlas>
          <UTiles>	1	</UTiles>
          <VTiles>	1	</VTiles>
        </atlas>
      </splineDesc>
      <trackNodes>
        <enable>	true	</enable>
        <linkBones>	true	</linkBones>
        <maxAmplitude>	0.054326	</maxAmplitude>
        <maxOffset>	0.054326	</maxOffset>
        <gravity>-9.8</gravity>
        <elasticity>	1200	</elasticity>
        <damping>	2	</damping>
        <node>
          <isLeft>	true	</isLeft>
          <name>Track_VD_L0</name>
          <forwardElastK>1.5</forwardElastK>
          <backwardElastK>	2	</backwardElastK>
        </node>
        <node>
          <isLeft>	false	</isLeft>
          <name>Track_VD_R0</name>
          <forwardElastK>1.5</forwardElastK>
          <backwardElastK>	2	</backwardElastK>
        </node>
        <node>
          <isLeft>	true	</isLeft>
          <name>Track_VD_L1</name>
          <forwardElastK>	1	</forwardElastK>
          <backwardElastK>0.9</backwardElastK>
        </node>
        <node>
          <isLeft>	false	</isLeft>
          <name>Track_VD_R1</name>
          <forwardElastK>	1	</forwardElastK>
          <backwardElastK>0.9</backwardElastK>
        </node>
        <node>
          <isLeft>	false	</isLeft>
          <name>Track_VT_R0</name>
          <forwardElastK>	2	</forwardElastK>
          <backwardElastK>0.7</backwardElastK>
          <rightSibling>Track_VT_R1</rightSibling>
        </node>
        <node>
          <isLeft>	false	</isLeft>
          <name>Track_VT_R1</name>
          <forwardElastK>	2	</forwardElastK>
          <backwardElastK>	1	</backwardElastK>
          <leftSibling>Track_VT_R0</leftSibling>
          <rightSibling>Track_VT_R2</rightSibling>
        </node>
        <node>
          <isLeft>	false	</isLeft>
          <name>Track_VT_R2</name>
          <forwardElastK>1.5</forwardElastK>
          <backwardElastK>	2	</backwardElastK>
          <leftSibling>Track_VT_R1</leftSibling>
          <rightSibling>Track_VT_R3</rightSibling>
        </node>
        <node>
          <isLeft>	false	</isLeft>
          <name>Track_VT_R3</name>
          <forwardElastK>1.5</forwardElastK>
          <backwardElastK>	1	</backwardElastK>
          <leftSibling>Track_VT_R2</leftSibling>
          <rightSibling>Track_VT_R4</rightSibling>
        </node>
        <node>
          <isLeft>	false	</isLeft>
          <name>Track_VT_R4</name>
          <forwardElastK>	1	</forwardElastK>
          <backwardElastK>1.5</backwardElastK>
          <leftSibling>Track_VT_R3</leftSibling>
        </node>
        <node>
          <isLeft>	true	</isLeft>
          <name>Track_VT_L0</name>
          <forwardElastK>	2	</forwardElastK>
          <backwardElastK>0.7</backwardElastK>
          <rightSibling>Track_VT_L1</rightSibling>
        </node>
        <node>
          <isLeft>	true	</isLeft>
          <name>Track_VT_L1</name>
          <forwardElastK>	2	</forwardElastK>
          <backwardElastK>	1	</backwardElastK>
          <leftSibling>Track_VT_L0</leftSibling>
          <rightSibling>Track_VT_L2</rightSibling>
        </node>
        <node>
          <isLeft>	true	</isLeft>
          <name>Track_VT_L2</name>
          <forwardElastK>1.5</forwardElastK>
          <backwardElastK>	2	</backwardElastK>
          <leftSibling>Track_VT_L1</leftSibling>
          <rightSibling>Track_VT_L3</rightSibling>
        </node>
        <node>
          <isLeft>	true	</isLeft>
          <name>Track_VT_L3</name>
          <forwardElastK>1.5</forwardElastK>
          <backwardElastK>	1	</backwardElastK>
          <leftSibling>Track_VT_L2</leftSibling>
          <rightSibling>Track_VT_L4</rightSibling>
        </node>
        <node>
          <isLeft>	true	</isLeft>
          <name>Track_VT_L4</name>
          <forwardElastK>	1	</forwardElastK>
          <backwardElastK>1.5</backwardElastK>
          <leftSibling>Track_VT_L3</leftSibling>
        </node>
      </trackNodes>
      <physicalTracks>
        <left>
          <segmentsCount>	96	</segmentsCount>
          <segmentsOuterThickness>0.0725174</segmentsOuterThickness>
          <segmentsInnerThickness>-0.00608564</segmentsInnerThickness>
          <segmentsPlaneOffset>-1.327</segmentsPlaneOffset>
          <springsLength>
            <backwardMovement>
              <back>0.14235</back>
              <top>0.1346</top>
              <front>	0.133953	</front>
              <bottom>	0.125515	</bottom>
            </backwardMovement>
            <forwardMovement>
              <back>	0.130766	</back>
              <top>	0.121987	</top>
              <front>	0.140551	</front>
              <bottom>	0.128073	</bottom>
            </forwardMovement>
          </springsLength>
          <mainSegment>
            <model>vehicles/italy/It09_P43_ter/track/segment1.model</model>
            <length>	0.149308	</length>
          </mainSegment>
          <secSegment>
            <model>vehicles/italy/It09_P43_ter/track/segment2.model</model>
            <length>	0.146032	</length>
          </secSegment>
          <collisionHull>
            <bottom>
              <part>
                <xStart>-2.75093</xStart>
                <xStep>0.00999999</xStep>
                <ySamples>0.339856 0.33738 0.33523 0.3334 0.331884 0.330678 0.329779</ySamples>
              </part>
              <part>
                <xStart>-2.69093</xStart>
                <xStep>0.0746539</xStep>
                <ySamples>	0.329779 0.332641	</ySamples>
              </part>
              <part>
                <xStart>-2.61627</xStart>
                <xStep>0.00999999</xStep>
                <ySamples>0.332641 0.334321 0.336319 0.338639 0.341289 0.344277 0.347613</ySamples>
              </part>
            </bottom>
            <top>
              <part>
                <xStart>-2.98954</xStart>
                <xStep>0.0746539</xStep>
                <ySamples>1.03398 1.0375 1.04103 1.04456 1.04809 1.05162 1.05515 1.05868 1.06208 1.06485 1.06762 1.07039 1.07317 1.07594 1.07887 1.08232 1.08577 1.08923 1.09268 1.09613 1.09958 1.10303 1.10648 1.10993 1.11338 1.11683 1.12029 1.12588 1.14305 1.14684 1.15063 1.15442 1.15821 1.16199 1.16578 1.16957 1.17336 1.17715 1.18094 1.18473 1.18852 1.19231 1.1961 1.19989 1.20368 1.20747 1.21126 1.21505 1.21884 1.22263 1.22642 1.23021 1.234 1.23779 1.24158 1.24537 1.24916 1.25295 1.25674 1.26053 1.26432 1.26811 1.2719 1.27569 1.259 1.26161 1.26422 1.26683 1.26945 1.27206 1.27467 1.27848 1.28296 1.28744 1.29191 1.29639 1.30109 1.30427 1.26587 1.22747 1.18771 1.12379</ySamples>
              </part>
            </top>
          </collisionHull>
          <bottomWheels>
            <wheel>WD_L5</wheel>
            <wheel>W_L5</wheel>
            <wheel>W_L4</wheel>
            <wheel>W_L3</wheel>
            <wheel>W_L2</wheel>
            <wheel>W_L1</wheel>
            <wheel>W_L0</wheel>
            <wheel>WD_L0</wheel>
          </bottomWheels>
          <snapWheels>
            <topFront>
              <wheelName>WD_L0</wheelName>
              <basePos>2.62668 0.810394</basePos>
              <shiftVec>	0.383963 0.130859	</shiftVec>
              <jointIdx>	10	</jointIdx>
            </topFront>
            <topBack>
              <wheelName>WD_L5</wheelName>
              <basePos>-2.66622 0.66053</basePos>
              <shiftVec>	-0.257256 0.186255	</shiftVec>
              <jointIdx>	55	</jointIdx>
            </topBack>
            <bottomBack>
              <wheelName>W_L5</wheelName>
              <basePos>-1.98692 0.323953</basePos>
              <shiftVec>-0.0664477 -0.264172</shiftVec>
              <jointIdx>	65	</jointIdx>
            </bottomBack>
            <bottomFront>
              <wheelName>W_L0</wheelName>
              <basePos>1.99199 0.323669</basePos>
              <shiftVec>	0.122442 -0.243331	</shiftVec>
              <jointIdx>	0	</jointIdx>
            </bottomFront>
          </snapWheels>
          <radiusOverrides>
            <wheel>
              <name>WD_L5</name>
              <radius>	0.312061	</radius>
            </wheel>
            <wheel>
              <name>WD_L3</name>
              <radius>0.12</radius>
            </wheel>
            <wheel>
              <name>WD_L2</name>
              <radius>0.12</radius>
            </wheel>
            <wheel>
              <name>WD_L0</name>
              <radius>	0.401326	</radius>
            </wheel>
          </radiusOverrides>
          <teethSyncs>
            <syncWithMainModel>	true	</syncWithMainModel>
            <segmentSyncPivotOffset>	0.000000	</segmentSyncPivotOffset>
            <sync>
              <name>WD_L5</name>
              <startAngle>37.9393</startAngle>
              <teethCount>	6	</teethCount>
            </sync>
            <sync>
              <name>WD_L0</name>
              <startAngle>23.0193</startAngle>
              <teethCount>	9	</teethCount>
            </sync>
          </teethSyncs>
          <sourceCollisionHullPoints>
            <top>
              <range>
                <point>-1.12726 1.12921 -2.98947</point>
                <point>-1.12726 1.13274 -2.91481</point>
                <point>-1.12726 1.13627 -2.84016</point>
                <point>-1.12726 1.1398 -2.7655</point>
                <point>-1.12726 1.14332 -2.69085</point>
                <point>-1.12726 1.14685 -2.6162</point>
                <point>-1.12726 1.15038 -2.54154</point>
                <point>-1.12726 1.15391 -2.46689</point>
                <point>-1.42726 1.15731 -2.39223</point>
                <point>-1.42726 1.16008 -2.31758</point>
                <point>-1.42726 1.16285 -2.24293</point>
                <point>-1.42726 1.16562 -2.16827</point>
                <point>-1.42726 1.16839 -2.09362</point>
                <point>-1.42726 1.17116 -2.01897</point>
                <point>-1.42726 1.1741 -1.94431</point>
                <point>-1.42726 1.17755 -1.86966</point>
                <point>-1.42726 1.181 -1.795</point>
                <point>-1.42726 1.18445 -1.72035</point>
                <point>-1.42726 1.1879 -1.6457</point>
                <point>-1.42726 1.19136 -1.57104</point>
                <point>-1.42726 1.19481 -1.49639</point>
                <point>-1.42726 1.19826 -1.42173</point>
                <point>-1.42726 1.20171 -1.34708</point>
                <point>-1.42726 1.20516 -1.27243</point>
                <point>-1.42726 1.20861 -1.19777</point>
                <point>-1.42726 1.21206 -1.12312</point>
                <point>-1.42726 1.21551 -1.04847</point>
                <point>-1.42726 1.22111 -0.973811</point>
                <point>-1.42726 1.23827 -0.899157</point>
                <point>-1.41726 1.24206 -0.824503</point>
                <point>-1.40726 1.24585 -0.74985</point>
                <point>-1.40726 1.24964 -0.675196</point>
                <point>-1.39726 1.25343 -0.600542</point>
                <point>-1.38726 1.25722 -0.525888</point>
                <point>-1.37726 1.26101 -0.451234</point>
                <point>-1.36726 1.2648 -0.37658</point>
                <point>-1.35726 1.26859 -0.301927</point>
                <point>-1.34726 1.27238 -0.227272</point>
                <point>-1.34726 1.27617 -0.152619</point>
                <point>-1.33726 1.27996 -0.0779647</point>
                <point>-1.32726 1.28375 -0.00331111</point>
                <point>-1.31726 1.28754 0.071343</point>
                <point>-1.30726 1.29133 0.145997</point>
                <point>-1.29726 1.29512 0.220651</point>
                <point>-1.28726 1.29891 0.295304</point>
                <point>-1.28726 1.3027 0.369958</point>
                <point>-1.27726 1.30649 0.444612</point>
                <point>-1.26726 1.31028 0.519266</point>
                <point>-1.25726 1.31407 0.59392</point>
                <point>-1.24726 1.31786 0.668574</point>
                <point>-1.23726 1.32165 0.743227</point>
                <point>-1.22726 1.32544 0.817882</point>
                <point>-1.22726 1.32923 0.892535</point>
                <point>-1.21726 1.33302 0.967189</point>
                <point>-1.20726 1.33681 1.04184</point>
                <point>-1.19726 1.3406 1.1165</point>
                <point>-1.18726 1.34439 1.19115</point>
                <point>-1.17726 1.34818 1.2658</point>
                <point>-1.16726 1.35197 1.34046</point>
                <point>-1.16726 1.35576 1.41511</point>
                <point>-1.15726 1.35955 1.48977</point>
                <point>-1.14726 1.36334 1.56442</point>
                <point>-1.13726 1.36713 1.63907</point>
                <point>-1.12726 1.37092 1.71373</point>
                <point>-1.42726 1.35423 1.78838</point>
                <point>-1.42726 1.35684 1.86304</point>
                <point>-1.42726 1.35945 1.93769</point>
                <point>-1.42726 1.36206 2.01234</point>
                <point>-1.42726 1.36467 2.087</point>
                <point>-1.42726 1.36729 2.16165</point>
                <point>-1.42726 1.3699 2.2363</point>
                <point>-1.42726 1.37371 2.31096</point>
                <point>-1.42726 1.37819 2.38561</point>
                <point>-1.42726 1.38266 2.46027</point>
                <point>-1.42726 1.38714 2.53492</point>
                <point>-1.42726 1.39162 2.60957</point>
                <point>-1.42726 1.39631 2.68423</point>
                <point>-1.42726 1.3995 2.75888</point>
                <point>-1.42726 1.3611 2.83354</point>
                <point>-1.42726 1.32269 2.90819</point>
                <point>-1.42725 1.28294 2.98284</point>
                <point>-1.38725 1.21902 3.0575</point>
              </range>
            </top>
            <bottom>
              <range>
                <point>-1.12725 0.730072 -2.69085</point>
                <point>-1.12725 0.714228 -2.6162</point>
              </range>
              <range>
                <point>-1.12725 0.928751 -1.795</point>
              </range>
              <range>
                <point>-1.12725 0.972245 -0.675196</point>
              </range>
              <range>
                <point>-1.12725 1.04293 0.519266</point>
              </range>
              <range>
                <point>-1.12725 1.09264 1.71373</point>
              </range>
            </bottom>
          </sourceCollisionHullPoints>
        </left>
        <right>
          <segmentsCount>	96	</segmentsCount>
          <segmentsOuterThickness>0.0725392</segmentsOuterThickness>
          <segmentsInnerThickness>-0.00608563</segmentsInnerThickness>
          <segmentsPlaneOffset>1.327</segmentsPlaneOffset>
          <springsLength>
            <backwardMovement>
              <back>0.14235</back>
              <top>0.1346</top>
              <front>	0.133953	</front>
              <bottom>	0.125515	</bottom>
            </backwardMovement>
            <forwardMovement>
              <back>	0.130766	</back>
              <top>	0.121987	</top>
              <front>	0.140551	</front>
              <bottom>	0.128073	</bottom>
            </forwardMovement>
          </springsLength>
          <mainSegment>
            <model>vehicles/italy/It09_P43_ter/track/segment1.model</model>
            <length>	0.149308	</length>
          </mainSegment>
          <secSegment>
            <model>vehicles/italy/It09_P43_ter/track/segment2.model</model>
            <length>	0.146031	</length>
          </secSegment>
          <collisionHull>
            <bottom>
              <part>
                <xStart>-2.75092</xStart>
                <xStep>0.00999999</xStep>
                <ySamples>0.341029 0.338559 0.336416 0.334592 0.333083 0.331884 0.330992</ySamples>
              </part>
              <part>
                <xStart>-2.69092</xStart>
                <xStep>0.0746541</xStep>
                <ySamples>	0.330992 0.333919	</ySamples>
              </part>
              <part>
                <xStart>-2.61626</xStart>
                <xStep>0.00999999</xStep>
                <ySamples>0.333919 0.33561 0.337618 0.339949 0.342611 0.345612 0.348962</ySamples>
              </part>
            </bottom>
            <top>
              <part>
                <xStart>-2.98953</xStart>
                <xStep>0.0746541</xStep>
                <ySamples>1.01788 1.0226 1.02719 1.03178 1.03637 1.04096 1.04563 1.05035 1.05507 1.05977 1.06317 1.06628 1.06938 1.07249 1.0756 1.07918 1.08324 1.0873 1.09137 1.09543 1.09949 1.10355 1.10761 1.11167 1.11573 1.11979 1.12385 1.12791 1.14305 1.14684 1.15063 1.15442 1.15821 1.162 1.16579 1.16958 1.17337 1.17716 1.18095 1.18473 1.18852 1.19231 1.1961 1.19989 1.20368 1.20747 1.21126 1.21505 1.21884 1.22263 1.22642 1.23021 1.234 1.23779 1.24158 1.24537 1.24916 1.25295 1.25674 1.26053 1.26432 1.26811 1.2719 1.27569 1.259 1.26161 1.26422 1.26684 1.26945 1.27206 1.27467 1.27848 1.28296 1.28744 1.29192 1.29639 1.30109 1.30424 1.26541 1.22659 1.1843 1.12096</ySamples>
              </part>
            </top>
          </collisionHull>
          <bottomWheels>
            <wheel>WD_R5</wheel>
            <wheel>W_R5</wheel>
            <wheel>W_R4</wheel>
            <wheel>W_R3</wheel>
            <wheel>W_R2</wheel>
            <wheel>W_R1</wheel>
            <wheel>W_R0</wheel>
            <wheel>WD_R0</wheel>
          </bottomWheels>
          <snapWheels>
            <topFront>
              <wheelName>WD_R0</wheelName>
              <basePos>2.62668 0.810394</basePos>
              <shiftVec>	0.383919 0.130994	</shiftVec>
              <jointIdx>	10	</jointIdx>
            </topFront>
            <topBack>
              <wheelName>WD_R5</wheelName>
              <basePos>-2.66649 0.661415</basePos>
              <shiftVec>	-0.257129 0.185838	</shiftVec>
              <jointIdx>	55	</jointIdx>
            </topBack>
            <bottomBack>
              <wheelName>W_R5</wheelName>
              <basePos>-1.98692 0.323921</basePos>
              <shiftVec>-0.0663059 -0.264207</shiftVec>
              <jointIdx>	65	</jointIdx>
            </bottomBack>
            <bottomFront>
              <wheelName>W_R0</wheelName>
              <basePos>1.99199 0.323637</basePos>
              <shiftVec>	0.122591 -0.243256	</shiftVec>
              <jointIdx>	0	</jointIdx>
            </bottomFront>
          </snapWheels>
          <radiusOverrides>
            <wheel>
              <name>WD_R5</name>
              <radius>	0.311709	</radius>
            </wheel>
            <wheel>
              <name>WD_R0</name>
              <radius>	0.401328	</radius>
            </wheel>
          </radiusOverrides>
          <teethSyncs>
            <syncWithMainModel>	true	</syncWithMainModel>
            <segmentSyncPivotOffset>	0.000000	</segmentSyncPivotOffset>
            <sync>
              <name>WD_R5</name>
              <startAngle>37.9418</startAngle>
              <teethCount>	6	</teethCount>
            </sync>
            <sync>
              <name>WD_R0</name>
              <startAngle>23.0193</startAngle>
              <teethCount>	9	</teethCount>
            </sync>
          </teethSyncs>
          <sourceCollisionHullPoints>
            <top>
              <range>
                <point>1.29727 1.11316 -2.98946</point>
                <point>1.28727 1.11788 -2.91481</point>
                <point>1.26727 1.12247 -2.84015</point>
                <point>1.24727 1.12706 -2.7655</point>
                <point>1.22727 1.13165 -2.69084</point>
                <point>1.20727 1.13624 -2.61619</point>
                <point>1.18727 1.14091 -2.54154</point>
                <point>1.16727 1.14563 -2.46688</point>
                <point>1.14727 1.15035 -2.39223</point>
                <point>1.13727 1.15505 -2.31757</point>
                <point>1.42727 1.15846 -2.24292</point>
                <point>1.42727 1.16156 -2.16827</point>
                <point>1.42727 1.16467 -2.09361</point>
                <point>1.42727 1.16778 -2.01896</point>
                <point>1.42727 1.17088 -1.9443</point>
                <point>1.42727 1.17447 -1.86965</point>
                <point>1.42727 1.17853 -1.795</point>
                <point>1.42727 1.18259 -1.72034</point>
                <point>1.42727 1.18665 -1.64569</point>
                <point>1.42727 1.19071 -1.57103</point>
                <point>1.42727 1.19477 -1.49638</point>
                <point>1.42727 1.19883 -1.42173</point>
                <point>1.42727 1.2029 -1.34707</point>
                <point>1.42727 1.20696 -1.27242</point>
                <point>1.42727 1.21102 -1.19776</point>
                <point>1.42727 1.21508 -1.12311</point>
                <point>1.42727 1.21914 -1.04845</point>
                <point>1.42727 1.2232 -0.973801</point>
                <point>1.42727 1.23833 -0.899147</point>
                <point>1.41727 1.24212 -0.824493</point>
                <point>1.40727 1.24591 -0.749839</point>
                <point>1.40727 1.2497 -0.675185</point>
                <point>1.39727 1.25349 -0.600531</point>
                <point>1.38727 1.25728 -0.525876</point>
                <point>1.37727 1.26107 -0.451222</point>
                <point>1.36727 1.26486 -0.376568</point>
                <point>1.35727 1.26865 -0.301914</point>
                <point>1.34727 1.27244 -0.22726</point>
                <point>1.34727 1.27623 -0.152606</point>
                <point>1.33727 1.28002 -0.0779522</point>
                <point>1.32727 1.28381 -0.00329808</point>
                <point>1.31727 1.2876 0.071356</point>
                <point>1.30727 1.29139 0.14601</point>
                <point>1.29727 1.29518 0.220664</point>
                <point>1.28727 1.29897 0.295318</point>
                <point>1.28727 1.30276 0.369972</point>
                <point>1.27727 1.30655 0.444626</point>
                <point>1.26727 1.31033 0.51928</point>
                <point>1.25727 1.31412 0.593934</point>
                <point>1.24727 1.31791 0.668588</point>
                <point>1.23727 1.3217 0.743243</point>
                <point>1.22727 1.32549 0.817897</point>
                <point>1.22727 1.32928 0.892551</point>
                <point>1.21727 1.33307 0.967205</point>
                <point>1.20727 1.33686 1.04186</point>
                <point>1.19727 1.34065 1.11651</point>
                <point>1.18727 1.34444 1.19117</point>
                <point>1.17727 1.34823 1.26582</point>
                <point>1.16727 1.35202 1.34047</point>
                <point>1.16727 1.35581 1.41513</point>
                <point>1.15727 1.3596 1.48978</point>
                <point>1.14727 1.36339 1.56444</point>
                <point>1.13727 1.36718 1.63909</point>
                <point>1.12727 1.37097 1.71375</point>
                <point>1.42727 1.35429 1.7884</point>
                <point>1.42727 1.3569 1.86305</point>
                <point>1.42727 1.35951 1.93771</point>
                <point>1.42727 1.36212 2.01236</point>
                <point>1.42727 1.36473 2.08702</point>
                <point>1.42727 1.36734 2.16167</point>
                <point>1.42727 1.36996 2.23632</point>
                <point>1.42727 1.37377 2.31098</point>
                <point>1.42727 1.37824 2.38563</point>
                <point>1.42727 1.38272 2.46029</point>
                <point>1.42727 1.3872 2.53494</point>
                <point>1.42727 1.39168 2.60959</point>
                <point>1.42727 1.39637 2.68425</point>
                <point>1.42727 1.39952 2.7589</point>
                <point>1.42727 1.3607 2.83356</point>
                <point>1.42727 1.32188 2.90821</point>
                <point>1.42727 1.27959 2.98286</point>
                <point>1.42727 1.21624 3.05752</point>
              </range>
            </top>
            <bottom>
              <range>
                <point>1.12728 0.730122 -2.69084</point>
                <point>1.12728 0.714263 -2.61619</point>
              </range>
              <range>
                <point>1.12728 0.928783 -1.79499</point>
              </range>
              <range>
                <point>1.12728 0.972308 -0.675184</point>
              </range>
              <range>
                <point>1.12728 1.04298 0.51928</point>
              </range>
              <range>
                <point>1.12728 1.09268 1.71375</point>
              </range>
            </bottom>
          </sourceCollisionHullPoints>
        </right>
      </physicalTracks>
      <customization>
        <customizableVehicleAreas>
          <paint>CHASSIS</paint>
          <camouflage>
          </camouflage>
        </customizableVehicleAreas>
      </customization>
      <customizationSlots>
        <slot>
          <slotType>style</slotType>
          <slotId>	29000	</slotId>
          <anchorPosition>-0.000051 2.23835 0.535138</anchorPosition>
          <anchorDirection>-0.000000 1 -0.000000</anchorDirection>
        </slot>
        <slot>
          <slotType>paint</slotType>
          <slotId>	21000	</slotId>
          <anchorPosition>-1.45644 0.523803 -0.00725102</anchorPosition>
          <anchorDirection>0.000000 1 -0.000000</anchorDirection>
        </slot>
      </customizationSlots>
    </Chassis_It09_P43_ter>
    <Chassis_It09_P43_ter_2>
      <userString>#italy_vehicles:Chassis_It09_P43_ter_2</userString>
      <tags>
      </tags>
      <level>	7	</level>
      <price>	21300	</price>
      <armor>
        <leftTrack>	20	</leftTrack>
        <rightTrack>	20	</rightTrack>
      </armor>
      <weight>	9000	</weight>
      <maxLoad>	39000	</maxLoad>
      <terrainResistance>1 1.1 1.7</terrainResistance>
      <brakeForce>	36000	</brakeForce>
      <rotationIsAroundCenter>	false	</rotationIsAroundCenter>
      <rotationSpeed>	44	</rotationSpeed>
      <shotDispersionFactors>
        <vehicleMovement>0.18</vehicleMovement>
        <vehicleRotation>0.18</vehicleRotation>
      </shotDispersionFactors>
      <bulkHealthFactor>3.0</bulkHealthFactor>
      <maxHealth>	140	</maxHealth>
      <maxRegenHealth>	105	</maxRegenHealth>
      <repairCost>5.0</repairCost>
      <models>
        <undamaged>vehicles/remodels/classicsworkshop/italy/It09_P43_ter_comprovato/normal/lod0/Chassis.model</undamaged>
        <destroyed>vehicles/remodels/classicsworkshop/italy/It09_P43_ter_comprovato/crash/lod0/Chassis.model</destroyed>
        <exploded>vehicles/remodels/classicsworkshop/italy/It09_P43_ter_comprovato/crash/lod0/Chassis.model</exploded>
      </models>
      <traces>
        <lodDist>MEDIUM</lodDist>
        <bufferPrefs>mediumTank</bufferPrefs>
        <textureSet>germany_02</textureSet>
        <size>0.6 0.65</size>
      </traces>
      <tracks>
        <lodDist>MEDIUM_TRACK</lodDist>
        <leftMaterial>track_mat_L_skinned</leftMaterial>
        <rightMaterial>track_mat_R_skinned</rightMaterial>
        <textureScale>-3.35</textureScale>
      </tracks>
      <AODecals>
        <decal>
          <transform>
            <row0>	3.676160 0.000142 -0.001221	</row0>
            <row1>	0.000078 1.342060 -0.005908	</row1>
            <row2>	-0.001834 -0.016081 6.172180	</row2>
            <row3>	0.000000 0.000001 -0.000074	</row3>
          </transform>
        </decal>
      </AODecals>
      <wheels>
        <lodDist>MEDIUM</lodDist>
        <wheel>
          <isLeft>	true	</isLeft>
          <isLeading>	true	</isLeading>
          <name>WD_L0</name>
          <radius>	0.460681	</radius>
          <syncAngle>	40	</syncAngle>
        </wheel>
        <group>
          <isLeft>	true	</isLeft>
          <template>WD_L</template>
          <radius>0.13503</radius>
          <startIndex>	1	</startIndex>
          <count>	4	</count>
        </group>
        <wheel>
          <isLeft>	true	</isLeft>
          <isLeading>	true	</isLeading>
          <name>WD_L5</name>
          <radius>	0.319565	</radius>
          <syncAngle>	60	</syncAngle>
        </wheel>
        <group>
          <isLeft>	true	</isLeft>
          <template>W_L</template>
          <radius>	0.278486	</radius>
          <startIndex>	0	</startIndex>
          <count>	6	</count>
        </group>
        <wheel>
          <isLeft>	false	</isLeft>
          <isLeading>	true	</isLeading>
          <name>WD_R0</name>
          <radius>	0.460681	</radius>
          <syncAngle>	40	</syncAngle>
        </wheel>
        <group>
          <isLeft>	false	</isLeft>
          <template>WD_R</template>
          <radius>0.13503</radius>
          <startIndex>	1	</startIndex>
          <count>	4	</count>
        </group>
        <wheel>
          <isLeft>	false	</isLeft>
          <isLeading>	true	</isLeading>
          <name>WD_R5</name>
          <radius>	0.319881	</radius>
          <syncAngle>	60	</syncAngle>
        </wheel>
        <group>
          <isLeft>	false	</isLeft>
          <template>W_R</template>
          <radius>	0.278486	</radius>
          <startIndex>	0	</startIndex>
          <count>	6	</count>
        </group>
      </wheels>
      <drivingWheels>WD_L0 WD_L5</drivingWheels>
      <effects>
        <lodDist>MEDIUM</lodDist>
        <mud>	largeTankMud	</mud>
      </effects>
      <wwsoundPC>treads_type_pc</wwsoundPC>
      <wwsoundNPC>trds_chf_npc</wwsoundNPC>
      <hullPosition>0.000000 1.09395 0.000000</hullPosition>
      <hitTester>
        <collisionModelServer>vehicles/italy/It09_P43_ter/collision/Chassis.model</collisionModelServer>
        <collisionModelClient>vehicles/italy/It09_P43_ter/collision_client/Chassis.model</collisionModelClient>
      </hitTester>
      <topRightCarryingPoint>1.32686 2.02495</topRightCarryingPoint>
      <maxClimbAngle>	25	</maxClimbAngle>
      <navmeshGirth>6.0</navmeshGirth>
      <groundNodes>
        <group>
          <template>Track_R</template>
          <startIndex>	0	</startIndex>
          <count>	6	</count>
          <isLeft>	false	</isLeft>
          <minOffset>	-0.125187	</minOffset>
          <maxOffset>0.0262369</maxOffset>
        </group>
        <group>
          <template>Track_L</template>
          <startIndex>	0	</startIndex>
          <count>	6	</count>
          <isLeft>	true	</isLeft>
          <minOffset>	-0.125187	</minOffset>
          <maxOffset>0.0262369</maxOffset>
        </group>
      </groundNodes>
      <trackThickness>0.00537634</trackThickness>
      <splineDesc>
        <segmentModelLeft>vehicles/italy/It09_P43_ter/track/segment1.model</segmentModelLeft>
        <segmentModelRight>vehicles/italy/It09_P43_ter/track/segment1.model</segmentModelRight>
        <segment2ModelLeft>vehicles/italy/It09_P43_ter/track/segment2.model</segment2ModelLeft>
        <segment2ModelRight>vehicles/italy/It09_P43_ter/track/segment2.model</segment2ModelRight>
        <left>vehicles/italy/It09_P43_ter/track/left.track</left>
        <right>vehicles/italy/It09_P43_ter/track/right.track</right>
        <segmentLength>	0.280258	</segmentLength>
        <segmentOffset>	0.363402	</segmentOffset>
        <segment2Offset>	0.141753	</segment2Offset>
        <lodDist>SPLINE_TRACK</lodDist>
        <atlas>
          <UTiles>	1	</UTiles>
          <VTiles>	1	</VTiles>
        </atlas>
      </splineDesc>
      <trackNodes>
        <enable>	true	</enable>
        <linkBones>	true	</linkBones>
        <maxAmplitude>	0.054326	</maxAmplitude>
        <maxOffset>	0.054326	</maxOffset>
        <gravity>-9.8</gravity>
        <elasticity>	1200	</elasticity>
        <damping>	2	</damping>
        <node>
          <isLeft>	true	</isLeft>
          <name>Track_VD_L0</name>
          <forwardElastK>1.5</forwardElastK>
          <backwardElastK>	2	</backwardElastK>
        </node>
        <node>
          <isLeft>	false	</isLeft>
          <name>Track_VD_R0</name>
          <forwardElastK>1.5</forwardElastK>
          <backwardElastK>	2	</backwardElastK>
        </node>
        <node>
          <isLeft>	true	</isLeft>
          <name>Track_VD_L1</name>
          <forwardElastK>	1	</forwardElastK>
          <backwardElastK>0.9</backwardElastK>
        </node>
        <node>
          <isLeft>	false	</isLeft>
          <name>Track_VD_R1</name>
          <forwardElastK>	1	</forwardElastK>
          <backwardElastK>0.9</backwardElastK>
        </node>
        <node>
          <isLeft>	false	</isLeft>
          <name>Track_VT_R0</name>
          <forwardElastK>	2	</forwardElastK>
          <backwardElastK>0.7</backwardElastK>
          <rightSibling>Track_VT_R1</rightSibling>
        </node>
        <node>
          <isLeft>	false	</isLeft>
          <name>Track_VT_R1</name>
          <forwardElastK>	2	</forwardElastK>
          <backwardElastK>	1	</backwardElastK>
          <leftSibling>Track_VT_R0</leftSibling>
          <rightSibling>Track_VT_R2</rightSibling>
        </node>
        <node>
          <isLeft>	false	</isLeft>
          <name>Track_VT_R2</name>
          <forwardElastK>1.5</forwardElastK>
          <backwardElastK>	2	</backwardElastK>
          <leftSibling>Track_VT_R1</leftSibling>
          <rightSibling>Track_VT_R3</rightSibling>
        </node>
        <node>
          <isLeft>	false	</isLeft>
          <name>Track_VT_R3</name>
          <forwardElastK>1.5</forwardElastK>
          <backwardElastK>	1	</backwardElastK>
          <leftSibling>Track_VT_R2</leftSibling>
          <rightSibling>Track_VT_R4</rightSibling>
        </node>
        <node>
          <isLeft>	false	</isLeft>
          <name>Track_VT_R4</name>
          <forwardElastK>	1	</forwardElastK>
          <backwardElastK>1.5</backwardElastK>
          <leftSibling>Track_VT_R3</leftSibling>
        </node>
        <node>
          <isLeft>	true	</isLeft>
          <name>Track_VT_L0</name>
          <forwardElastK>	2	</forwardElastK>
          <backwardElastK>0.7</backwardElastK>
          <rightSibling>Track_VT_L1</rightSibling>
        </node>
        <node>
          <isLeft>	true	</isLeft>
          <name>Track_VT_L1</name>
          <forwardElastK>	2	</forwardElastK>
          <backwardElastK>	1	</backwardElastK>
          <leftSibling>Track_VT_L0</leftSibling>
          <rightSibling>Track_VT_L2</rightSibling>
        </node>
        <node>
          <isLeft>	true	</isLeft>
          <name>Track_VT_L2</name>
          <forwardElastK>1.5</forwardElastK>
          <backwardElastK>	2	</backwardElastK>
          <leftSibling>Track_VT_L1</leftSibling>
          <rightSibling>Track_VT_L3</rightSibling>
        </node>
        <node>
          <isLeft>	true	</isLeft>
          <name>Track_VT_L3</name>
          <forwardElastK>1.5</forwardElastK>
          <backwardElastK>	1	</backwardElastK>
          <leftSibling>Track_VT_L2</leftSibling>
          <rightSibling>Track_VT_L4</rightSibling>
        </node>
        <node>
          <isLeft>	true	</isLeft>
          <name>Track_VT_L4</name>
          <forwardElastK>	1	</forwardElastK>
          <backwardElastK>1.5</backwardElastK>
          <leftSibling>Track_VT_L3</leftSibling>
        </node>
      </trackNodes>
      <physicalTracks>
        <left>
          <segmentsCount>	96	</segmentsCount>
          <segmentsOuterThickness>0.0725174</segmentsOuterThickness>
          <segmentsInnerThickness>-0.00608564</segmentsInnerThickness>
          <segmentsPlaneOffset>-1.327</segmentsPlaneOffset>
          <springsLength>
            <backwardMovement>
              <back>0.14235</back>
              <top>0.1346</top>
              <front>	0.133953	</front>
              <bottom>	0.125515	</bottom>
            </backwardMovement>
            <forwardMovement>
              <back>	0.130766	</back>
              <top>	0.121987	</top>
              <front>	0.140551	</front>
              <bottom>	0.128073	</bottom>
            </forwardMovement>
          </springsLength>
          <mainSegment>
            <model>vehicles/italy/It09_P43_ter/track/segment1.model</model>
            <length>	0.149308	</length>
          </mainSegment>
          <secSegment>
            <model>vehicles/italy/It09_P43_ter/track/segment2.model</model>
            <length>	0.146032	</length>
          </secSegment>
          <collisionHull>
            <bottom>
              <part>
                <xStart>-2.75093</xStart>
                <xStep>0.00999999</xStep>
                <ySamples>0.339856 0.33738 0.33523 0.3334 0.331884 0.330678 0.329779</ySamples>
              </part>
              <part>
                <xStart>-2.69093</xStart>
                <xStep>0.0746539</xStep>
                <ySamples>	0.329779 0.332641	</ySamples>
              </part>
              <part>
                <xStart>-2.61627</xStart>
                <xStep>0.00999999</xStep>
                <ySamples>0.332641 0.334321 0.336319 0.338639 0.341289 0.344277 0.347613</ySamples>
              </part>
            </bottom>
            <top>
              <part>
                <xStart>-2.98954</xStart>
                <xStep>0.0746539</xStep>
                <ySamples>1.03398 1.0375 1.04103 1.04456 1.04809 1.05162 1.05515 1.05868 1.06208 1.06485 1.06762 1.07039 1.07317 1.07594 1.07887 1.08232 1.08577 1.08923 1.09268 1.09613 1.09958 1.10303 1.10648 1.10993 1.11338 1.11683 1.12029 1.12588 1.14305 1.14684 1.15063 1.15442 1.15821 1.16199 1.16578 1.16957 1.17336 1.17715 1.18094 1.18473 1.18852 1.19231 1.1961 1.19989 1.20368 1.20747 1.21126 1.21505 1.21884 1.22263 1.22642 1.23021 1.234 1.23779 1.24158 1.24537 1.24916 1.25295 1.25674 1.26053 1.26432 1.26811 1.2719 1.27569 1.259 1.26161 1.26422 1.26683 1.26945 1.27206 1.27467 1.27848 1.28296 1.28744 1.29191 1.29639 1.30109 1.30427 1.26587 1.22747 1.18771 1.12379</ySamples>
              </part>
            </top>
          </collisionHull>
          <bottomWheels>
            <wheel>WD_L5</wheel>
            <wheel>W_L5</wheel>
            <wheel>W_L4</wheel>
            <wheel>W_L3</wheel>
            <wheel>W_L2</wheel>
            <wheel>W_L1</wheel>
            <wheel>W_L0</wheel>
            <wheel>WD_L0</wheel>
          </bottomWheels>
          <snapWheels>
            <topFront>
              <wheelName>WD_L0</wheelName>
              <basePos>2.62668 0.810394</basePos>
              <shiftVec>	0.383963 0.130859	</shiftVec>
              <jointIdx>	10	</jointIdx>
            </topFront>
            <topBack>
              <wheelName>WD_L5</wheelName>
              <basePos>-2.66622 0.66053</basePos>
              <shiftVec>	-0.257256 0.186255	</shiftVec>
              <jointIdx>	55	</jointIdx>
            </topBack>
            <bottomBack>
              <wheelName>W_L5</wheelName>
              <basePos>-1.98692 0.323953</basePos>
              <shiftVec>-0.0664477 -0.264172</shiftVec>
              <jointIdx>	65	</jointIdx>
            </bottomBack>
            <bottomFront>
              <wheelName>W_L0</wheelName>
              <basePos>1.99199 0.323669</basePos>
              <shiftVec>	0.122442 -0.243331	</shiftVec>
              <jointIdx>	0	</jointIdx>
            </bottomFront>
          </snapWheels>
          <radiusOverrides>
            <wheel>
              <name>WD_L5</name>
              <radius>	0.312061	</radius>
            </wheel>
            <wheel>
              <name>WD_L3</name>
              <radius>0.12</radius>
            </wheel>
            <wheel>
              <name>WD_L2</name>
              <radius>0.12</radius>
            </wheel>
            <wheel>
              <name>WD_L0</name>
              <radius>	0.401326	</radius>
            </wheel>
          </radiusOverrides>
          <teethSyncs>
            <syncWithMainModel>	true	</syncWithMainModel>
            <segmentSyncPivotOffset>	0.000000	</segmentSyncPivotOffset>
            <sync>
              <name>WD_L5</name>
              <startAngle>37.9393</startAngle>
              <teethCount>	6	</teethCount>
            </sync>
            <sync>
              <name>WD_L0</name>
              <startAngle>23.0193</startAngle>
              <teethCount>	9	</teethCount>
            </sync>
          </teethSyncs>
          <sourceCollisionHullPoints>
            <top>
              <range>
                <point>-1.12726 1.12921 -2.98947</point>
                <point>-1.12726 1.13274 -2.91481</point>
                <point>-1.12726 1.13627 -2.84016</point>
                <point>-1.12726 1.1398 -2.7655</point>
                <point>-1.12726 1.14332 -2.69085</point>
                <point>-1.12726 1.14685 -2.6162</point>
                <point>-1.12726 1.15038 -2.54154</point>
                <point>-1.12726 1.15391 -2.46689</point>
                <point>-1.42726 1.15731 -2.39223</point>
                <point>-1.42726 1.16008 -2.31758</point>
                <point>-1.42726 1.16285 -2.24293</point>
                <point>-1.42726 1.16562 -2.16827</point>
                <point>-1.42726 1.16839 -2.09362</point>
                <point>-1.42726 1.17116 -2.01897</point>
                <point>-1.42726 1.1741 -1.94431</point>
                <point>-1.42726 1.17755 -1.86966</point>
                <point>-1.42726 1.181 -1.795</point>
                <point>-1.42726 1.18445 -1.72035</point>
                <point>-1.42726 1.1879 -1.6457</point>
                <point>-1.42726 1.19136 -1.57104</point>
                <point>-1.42726 1.19481 -1.49639</point>
                <point>-1.42726 1.19826 -1.42173</point>
                <point>-1.42726 1.20171 -1.34708</point>
                <point>-1.42726 1.20516 -1.27243</point>
                <point>-1.42726 1.20861 -1.19777</point>
                <point>-1.42726 1.21206 -1.12312</point>
                <point>-1.42726 1.21551 -1.04847</point>
                <point>-1.42726 1.22111 -0.973811</point>
                <point>-1.42726 1.23827 -0.899157</point>
                <point>-1.41726 1.24206 -0.824503</point>
                <point>-1.40726 1.24585 -0.74985</point>
                <point>-1.40726 1.24964 -0.675196</point>
                <point>-1.39726 1.25343 -0.600542</point>
                <point>-1.38726 1.25722 -0.525888</point>
                <point>-1.37726 1.26101 -0.451234</point>
                <point>-1.36726 1.2648 -0.37658</point>
                <point>-1.35726 1.26859 -0.301927</point>
                <point>-1.34726 1.27238 -0.227272</point>
                <point>-1.34726 1.27617 -0.152619</point>
                <point>-1.33726 1.27996 -0.0779647</point>
                <point>-1.32726 1.28375 -0.00331111</point>
                <point>-1.31726 1.28754 0.071343</point>
                <point>-1.30726 1.29133 0.145997</point>
                <point>-1.29726 1.29512 0.220651</point>
                <point>-1.28726 1.29891 0.295304</point>
                <point>-1.28726 1.3027 0.369958</point>
                <point>-1.27726 1.30649 0.444612</point>
                <point>-1.26726 1.31028 0.519266</point>
                <point>-1.25726 1.31407 0.59392</point>
                <point>-1.24726 1.31786 0.668574</point>
                <point>-1.23726 1.32165 0.743227</point>
                <point>-1.22726 1.32544 0.817882</point>
                <point>-1.22726 1.32923 0.892535</point>
                <point>-1.21726 1.33302 0.967189</point>
                <point>-1.20726 1.33681 1.04184</point>
                <point>-1.19726 1.3406 1.1165</point>
                <point>-1.18726 1.34439 1.19115</point>
                <point>-1.17726 1.34818 1.2658</point>
                <point>-1.16726 1.35197 1.34046</point>
                <point>-1.16726 1.35576 1.41511</point>
                <point>-1.15726 1.35955 1.48977</point>
                <point>-1.14726 1.36334 1.56442</point>
                <point>-1.13726 1.36713 1.63907</point>
                <point>-1.12726 1.37092 1.71373</point>
                <point>-1.42726 1.35423 1.78838</point>
                <point>-1.42726 1.35684 1.86304</point>
                <point>-1.42726 1.35945 1.93769</point>
                <point>-1.42726 1.36206 2.01234</point>
                <point>-1.42726 1.36467 2.087</point>
                <point>-1.42726 1.36729 2.16165</point>
                <point>-1.42726 1.3699 2.2363</point>
                <point>-1.42726 1.37371 2.31096</point>
                <point>-1.42726 1.37819 2.38561</point>
                <point>-1.42726 1.38266 2.46027</point>
                <point>-1.42726 1.38714 2.53492</point>
                <point>-1.42726 1.39162 2.60957</point>
                <point>-1.42726 1.39631 2.68423</point>
                <point>-1.42726 1.3995 2.75888</point>
                <point>-1.42726 1.3611 2.83354</point>
                <point>-1.42726 1.32269 2.90819</point>
                <point>-1.42725 1.28294 2.98284</point>
                <point>-1.38725 1.21902 3.0575</point>
              </range>
            </top>
            <bottom>
              <range>
                <point>-1.12725 0.730072 -2.69085</point>
                <point>-1.12725 0.714228 -2.6162</point>
              </range>
              <range>
                <point>-1.12725 0.928751 -1.795</point>
              </range>
              <range>
                <point>-1.12725 0.972245 -0.675196</point>
              </range>
              <range>
                <point>-1.12725 1.04293 0.519266</point>
              </range>
              <range>
                <point>-1.12725 1.09264 1.71373</point>
              </range>
            </bottom>
          </sourceCollisionHullPoints>
        </left>
        <right>
          <segmentsCount>	96	</segmentsCount>
          <segmentsOuterThickness>0.0725392</segmentsOuterThickness>
          <segmentsInnerThickness>-0.00608563</segmentsInnerThickness>
          <segmentsPlaneOffset>1.327</segmentsPlaneOffset>
          <springsLength>
            <backwardMovement>
              <back>0.14235</back>
              <top>0.1346</top>
              <front>	0.133953	</front>
              <bottom>	0.125515	</bottom>
            </backwardMovement>
            <forwardMovement>
              <back>	0.130766	</back>
              <top>	0.121987	</top>
              <front>	0.140551	</front>
              <bottom>	0.128073	</bottom>
            </forwardMovement>
          </springsLength>
          <mainSegment>
            <model>vehicles/italy/It09_P43_ter/track/segment1.model</model>
            <length>	0.149308	</length>
          </mainSegment>
          <secSegment>
            <model>vehicles/italy/It09_P43_ter/track/segment2.model</model>
            <length>	0.146031	</length>
          </secSegment>
          <collisionHull>
            <bottom>
              <part>
                <xStart>-2.75092</xStart>
                <xStep>0.00999999</xStep>
                <ySamples>0.341029 0.338559 0.336416 0.334592 0.333083 0.331884 0.330992</ySamples>
              </part>
              <part>
                <xStart>-2.69092</xStart>
                <xStep>0.0746541</xStep>
                <ySamples>	0.330992 0.333919	</ySamples>
              </part>
              <part>
                <xStart>-2.61626</xStart>
                <xStep>0.00999999</xStep>
                <ySamples>0.333919 0.33561 0.337618 0.339949 0.342611 0.345612 0.348962</ySamples>
              </part>
            </bottom>
            <top>
              <part>
                <xStart>-2.98953</xStart>
                <xStep>0.0746541</xStep>
                <ySamples>1.01788 1.0226 1.02719 1.03178 1.03637 1.04096 1.04563 1.05035 1.05507 1.05977 1.06317 1.06628 1.06938 1.07249 1.0756 1.07918 1.08324 1.0873 1.09137 1.09543 1.09949 1.10355 1.10761 1.11167 1.11573 1.11979 1.12385 1.12791 1.14305 1.14684 1.15063 1.15442 1.15821 1.162 1.16579 1.16958 1.17337 1.17716 1.18095 1.18473 1.18852 1.19231 1.1961 1.19989 1.20368 1.20747 1.21126 1.21505 1.21884 1.22263 1.22642 1.23021 1.234 1.23779 1.24158 1.24537 1.24916 1.25295 1.25674 1.26053 1.26432 1.26811 1.2719 1.27569 1.259 1.26161 1.26422 1.26684 1.26945 1.27206 1.27467 1.27848 1.28296 1.28744 1.29192 1.29639 1.30109 1.30424 1.26541 1.22659 1.1843 1.12096</ySamples>
              </part>
            </top>
          </collisionHull>
          <bottomWheels>
            <wheel>WD_R5</wheel>
            <wheel>W_R5</wheel>
            <wheel>W_R4</wheel>
            <wheel>W_R3</wheel>
            <wheel>W_R2</wheel>
            <wheel>W_R1</wheel>
            <wheel>W_R0</wheel>
            <wheel>WD_R0</wheel>
          </bottomWheels>
          <snapWheels>
            <topFront>
              <wheelName>WD_R0</wheelName>
              <basePos>2.62668 0.810394</basePos>
              <shiftVec>	0.383919 0.130994	</shiftVec>
              <jointIdx>	10	</jointIdx>
            </topFront>
            <topBack>
              <wheelName>WD_R5</wheelName>
              <basePos>-2.66649 0.661415</basePos>
              <shiftVec>	-0.257129 0.185838	</shiftVec>
              <jointIdx>	55	</jointIdx>
            </topBack>
            <bottomBack>
              <wheelName>W_R5</wheelName>
              <basePos>-1.98692 0.323921</basePos>
              <shiftVec>-0.0663059 -0.264207</shiftVec>
              <jointIdx>	65	</jointIdx>
            </bottomBack>
            <bottomFront>
              <wheelName>W_R0</wheelName>
              <basePos>1.99199 0.323637</basePos>
              <shiftVec>	0.122591 -0.243256	</shiftVec>
              <jointIdx>	0	</jointIdx>
            </bottomFront>
          </snapWheels>
          <radiusOverrides>
            <wheel>
              <name>WD_R5</name>
              <radius>	0.311709	</radius>
            </wheel>
            <wheel>
              <name>WD_R0</name>
              <radius>	0.401328	</radius>
            </wheel>
          </radiusOverrides>
          <teethSyncs>
            <syncWithMainModel>	true	</syncWithMainModel>
            <segmentSyncPivotOffset>	0.000000	</segmentSyncPivotOffset>
            <sync>
              <name>WD_R5</name>
              <startAngle>37.9418</startAngle>
              <teethCount>	6	</teethCount>
            </sync>
            <sync>
              <name>WD_R0</name>
              <startAngle>23.0193</startAngle>
              <teethCount>	9	</teethCount>
            </sync>
          </teethSyncs>
          <sourceCollisionHullPoints>
            <top>
              <range>
                <point>1.29727 1.11316 -2.98946</point>
                <point>1.28727 1.11788 -2.91481</point>
                <point>1.26727 1.12247 -2.84015</point>
                <point>1.24727 1.12706 -2.7655</point>
                <point>1.22727 1.13165 -2.69084</point>
                <point>1.20727 1.13624 -2.61619</point>
                <point>1.18727 1.14091 -2.54154</point>
                <point>1.16727 1.14563 -2.46688</point>
                <point>1.14727 1.15035 -2.39223</point>
                <point>1.13727 1.15505 -2.31757</point>
                <point>1.42727 1.15846 -2.24292</point>
                <point>1.42727 1.16156 -2.16827</point>
                <point>1.42727 1.16467 -2.09361</point>
                <point>1.42727 1.16778 -2.01896</point>
                <point>1.42727 1.17088 -1.9443</point>
                <point>1.42727 1.17447 -1.86965</point>
                <point>1.42727 1.17853 -1.795</point>
                <point>1.42727 1.18259 -1.72034</point>
                <point>1.42727 1.18665 -1.64569</point>
                <point>1.42727 1.19071 -1.57103</point>
                <point>1.42727 1.19477 -1.49638</point>
                <point>1.42727 1.19883 -1.42173</point>
                <point>1.42727 1.2029 -1.34707</point>
                <point>1.42727 1.20696 -1.27242</point>
                <point>1.42727 1.21102 -1.19776</point>
                <point>1.42727 1.21508 -1.12311</point>
                <point>1.42727 1.21914 -1.04845</point>
                <point>1.42727 1.2232 -0.973801</point>
                <point>1.42727 1.23833 -0.899147</point>
                <point>1.41727 1.24212 -0.824493</point>
                <point>1.40727 1.24591 -0.749839</point>
                <point>1.40727 1.2497 -0.675185</point>
                <point>1.39727 1.25349 -0.600531</point>
                <point>1.38727 1.25728 -0.525876</point>
                <point>1.37727 1.26107 -0.451222</point>
                <point>1.36727 1.26486 -0.376568</point>
                <point>1.35727 1.26865 -0.301914</point>
                <point>1.34727 1.27244 -0.22726</point>
                <point>1.34727 1.27623 -0.152606</point>
                <point>1.33727 1.28002 -0.0779522</point>
                <point>1.32727 1.28381 -0.00329808</point>
                <point>1.31727 1.2876 0.071356</point>
                <point>1.30727 1.29139 0.14601</point>
                <point>1.29727 1.29518 0.220664</point>
                <point>1.28727 1.29897 0.295318</point>
                <point>1.28727 1.30276 0.369972</point>
                <point>1.27727 1.30655 0.444626</point>
                <point>1.26727 1.31033 0.51928</point>
                <point>1.25727 1.31412 0.593934</point>
                <point>1.24727 1.31791 0.668588</point>
                <point>1.23727 1.3217 0.743243</point>
                <point>1.22727 1.32549 0.817897</point>
                <point>1.22727 1.32928 0.892551</point>
                <point>1.21727 1.33307 0.967205</point>
                <point>1.20727 1.33686 1.04186</point>
                <point>1.19727 1.34065 1.11651</point>
                <point>1.18727 1.34444 1.19117</point>
                <point>1.17727 1.34823 1.26582</point>
                <point>1.16727 1.35202 1.34047</point>
                <point>1.16727 1.35581 1.41513</point>
                <point>1.15727 1.3596 1.48978</point>
                <point>1.14727 1.36339 1.56444</point>
                <point>1.13727 1.36718 1.63909</point>
                <point>1.12727 1.37097 1.71375</point>
                <point>1.42727 1.35429 1.7884</point>
                <point>1.42727 1.3569 1.86305</point>
                <point>1.42727 1.35951 1.93771</point>
                <point>1.42727 1.36212 2.01236</point>
                <point>1.42727 1.36473 2.08702</point>
                <point>1.42727 1.36734 2.16167</point>
                <point>1.42727 1.36996 2.23632</point>
                <point>1.42727 1.37377 2.31098</point>
                <point>1.42727 1.37824 2.38563</point>
                <point>1.42727 1.38272 2.46029</point>
                <point>1.42727 1.3872 2.53494</point>
                <point>1.42727 1.39168 2.60959</point>
                <point>1.42727 1.39637 2.68425</point>
                <point>1.42727 1.39952 2.7589</point>
                <point>1.42727 1.3607 2.83356</point>
                <point>1.42727 1.32188 2.90821</point>
                <point>1.42727 1.27959 2.98286</point>
                <point>1.42727 1.21624 3.05752</point>
              </range>
            </top>
            <bottom>
              <range>
                <point>1.12728 0.730122 -2.69084</point>
                <point>1.12728 0.714263 -2.61619</point>
              </range>
              <range>
                <point>1.12728 0.928783 -1.79499</point>
              </range>
              <range>
                <point>1.12728 0.972308 -0.675184</point>
              </range>
              <range>
                <point>1.12728 1.04298 0.51928</point>
              </range>
              <range>
                <point>1.12728 1.09268 1.71375</point>
              </range>
            </bottom>
          </sourceCollisionHullPoints>
        </right>
      </physicalTracks>
      <customization>
        <customizableVehicleAreas>
          <paint>CHASSIS</paint>
          <camouflage>
          </camouflage>
        </customizableVehicleAreas>
      </customization>
      <customizationSlots>
        <slot>
          <slotType>style</slotType>
          <slotId>	29000	</slotId>
          <anchorPosition>-0.000003 2.23835 0.535125</anchorPosition>
          <anchorDirection>-0.000000 1 0.000000</anchorDirection>
        </slot>
        <slot>
          <slotType>paint</slotType>
          <slotId>	21000	</slotId>
          <anchorPosition>-1.50011 0.528688 0.000083</anchorPosition>
          <anchorDirection>0.000000 -1 -0.000000</anchorDirection>
        </slot>
      </customizationSlots>
    </Chassis_It09_P43_ter_2>
  </chassis>
  <turrets0>
    <Turret_1_It09_P43_ter>
      <userString>#italy_vehicles:Turret_1_It09_P43_ter</userString>
      <tags>
      </tags>
      <level>	6	</level>
      <price>	14000	</price>
      <armor>
        <armor_1>	80	</armor_1>
        <armor_2>	100	</armor_2>
        <armor_3>	50	</armor_3>
        <armor_4>	50	</armor_4>
        <armor_5>	25	</armor_5>
        <armor_6>	20	</armor_6>
        <armor_7>	60	</armor_7>
        <armor_8>	0	</armor_8>
        <armor_9>	60	</armor_9>
      </armor>
      <primaryArmor>armor_1 armor_3 armor_4</primaryArmor>
      <weight>	5000	</weight>
      <maxHealth>	200	</maxHealth>
      <rotationSpeed>	40	</rotationSpeed>
      <turretRotatorHealth>
        <maxHealth>	130	</maxHealth>
        <maxRegenHealth>	65	</maxRegenHealth>
        <repairCost>1.0</repairCost>
      </turretRotatorHealth>
      <circularVisionRadius>	360	</circularVisionRadius>
      <surveyingDeviceHealth>
        <maxHealth>	90	</maxHealth>
        <maxRegenHealth>	45	</maxRegenHealth>
        <repairCost>1.0</repairCost>
      </surveyingDeviceHealth>
      <guns>
        <Cannone_da_90_42>shared<maxAmmo>	48	</maxAmmo><unlocks><turret>Turret_2_It09_P43_ter<cost>	10300	</cost></turret></unlocks><armor><gun>	35	</gun></armor><turretYawLimits>-180 180</turretYawLimits><pitchLimits><minPitch>0 -20 1 -20</minPitch><maxPitch>0 7 0.375 7 0.402778 4 0.597222 4 0.625 7 1 7</maxPitch></pitchLimits><invisibilityFactorAtShot>0.25</invisibilityFactorAtShot><reloadTime>7.5</reloadTime><aimingTime>2.4</aimingTime><shotDispersionRadius>0.4</shotDispersionRadius><shotDispersionFactors><turretRotation>0.14</turretRotation><afterShot>	4	</afterShot><whileGunDamaged>2.0</whileGunDamaged></shotDispersionFactors><models><undamaged>vehicles/remodels/classicsworkshop/italy/It09_P43_ter_comprovato/normal/lod0/Gun_01.model</undamaged><destroyed>vehicles/remodels/classicsworkshop/italy/It09_P43_ter_comprovato/crash/lod0/Gun_01.model</destroyed><exploded>vehicles/remodels/classicsworkshop/italy/It09_P43_ter_comprovato/crash/lod0/Gun_01.model</exploded></models><hitTester><collisionModelServer>vehicles/italy/It09_P43_ter/collision/Gun_01.model</collisionModelServer><collisionModelClient>vehicles/italy/It09_P43_ter/collision_client/Gun_01.model</collisionModelClient></hitTester><animateEmblemSlots>	true	</animateEmblemSlots><customization><customizableVehicleAreas><paint>GUN GUN_2</paint><camouflage>GUN</camouflage></customizableVehicleAreas></customization><customizationSlots><slot><slotType>insigniaOnGun</slotType><slotId>	49000	</slotId><rayStart>0.000213214 -0.0013836 2.49364</rayStart><rayEnd>-0.0267767 -0.00458998 2.49202</rayEnd><rayUp>0.079 0.000000 0.000000</rayUp><applyToFabric>	true	</applyToFabric><size>0.5</size><hideIfDamaged>	false	</hideIfDamaged><isUVProportional>	true	</isUVProportional></slot><slot><slotType>camouflage</slotType><slotId>	42000	</slotId><anchorPosition>0.000106607 -0.000691772 1.47665</anchorPosition><anchorDirection>0.000000 0.000000 1</anchorDirection><applyTo>	4096	</applyTo></slot><slot><slotType>paint</slotType><slotId>	41000	</slotId><anchorPosition>0.000106607 -0.000691772 1.47665</anchorPosition><anchorDirection>0.000000 0.000000 1</anchorDirection><applyTo>	4096	</applyTo></slot><slot><slotType>paint</slotType><slotId>	41001	</slotId><anchorPosition>-0.000255539 0.0933342 0.319311</anchorPosition><anchorDirection>0.000000 0.000000 1</anchorDirection><applyTo>	16384	</applyTo></slot></customizationSlots><camouflage><tiling>1 0.3 0.000000 0.000000</tiling><density>109.672 119.978</density><aoTextureSize>512 256</aoTextureSize></camouflage></Cannone_da_90_42>
      </guns>
      <models>
        <undamaged>vehicles/remodels/classicsworkshop/italy/It09_P43_ter_comprovato/normal/lod0/Turret_01.model</undamaged>
        <destroyed>vehicles/remodels/classicsworkshop/italy/It09_P43_ter_comprovato/crash/lod0/Turret_01.model</destroyed>
        <exploded>vehicles/remodels/classicsworkshop/italy/It09_P43_ter_comprovato/crash/lod0/Turret_01.model</exploded>
      </models>
      <hitTester>
        <collisionModelServer>vehicles/italy/It09_P43_ter/collision/Turret_01.model</collisionModelServer>
        <collisionModelClient>vehicles/italy/It09_P43_ter/collision_client/Turret_01.model</collisionModelClient>
      </hitTester>
      <gunPosition>	-0.000213 0.200369 0.856648	</gunPosition>
      <wwturretRotatorSoundManual>tur_mech_trav</wwturretRotatorSoundManual>
      <showEmblemsOnGun>	false	</showEmblemsOnGun>
      <physicsShape>0.998 -0.004 1.011 0.004 0.378 0.369 0.581 0.439 0.495 0.445 0.463 0.484 0.274 0.514 0.218</physicsShape>
      <customization>
        <customizableVehicleAreas>
          <paint>TURRET</paint>
          <camouflage>TURRET</camouflage>
        </customizableVehicleAreas>
      </customization>
      <customizationSlots>
        <slot>
          <slotType>player</slotType>
          <slotId>	33000	</slotId>
          <rayStart>	-0.906796 0.348714 0.618243	</rayStart>
          <rayEnd>	-0.766692 0.224384 0.548152	</rayEnd>
          <rayUp>0.000000 1 0.000000</rayUp>
          <size>0.3</size>
          <hideIfDamaged>	false	</hideIfDamaged>
          <isUVProportional>	true	</isUVProportional>
        </slot>
        <slot>
          <slotType>player</slotType>
          <slotId>	33001	</slotId>
          <rayStart>	0.906796 0.348714 0.618243	</rayStart>
          <rayEnd>	0.766692 0.224384 0.548152	</rayEnd>
          <rayUp>0.000000 1 0.000000</rayUp>
          <isMirrored>	true	</isMirrored>
          <size>0.3</size>
          <hideIfDamaged>	true	</hideIfDamaged>
          <isUVProportional>	true	</isUVProportional>
        </slot>
        <slot>
          <slotType>camouflage</slotType>
          <slotId>	32000	</slotId>
          <anchorPosition>	0.000000 0.612911 0.000000	</anchorPosition>
          <anchorDirection>0.000000 1 0.000000</anchorDirection>
        </slot>
        <slot>
          <slotType>paint</slotType>
          <slotId>	31000	</slotId>
          <anchorPosition>	0.000000 0.612911 0.000000	</anchorPosition>
          <anchorDirection>0.000000 1 0.000000</anchorDirection>
        </slot>
      </customizationSlots>
      <camouflage>
        <tiling>0.5 0.5 0.000000 0.000000</tiling>
        <density>120.62 120.47</density>
        <aoTextureSize>512 512</aoTextureSize>
      </camouflage>
    </Turret_1_It09_P43_ter>
    <Turret_2_It09_P43_ter>
      <userString>#italy_vehicles:Turret_2_It09_P43_ter</userString>
      <tags>
      </tags>
      <level>	7	</level>
      <price>	19600	</price>
      <unlocks>
        <gun>Cannone_da_90_53<cost>	13700	</cost></gun>
      </unlocks>
      <armor>
        <armor_1>	100	</armor_1>
        <armor_2>	120	</armor_2>
        <armor_3>	50	</armor_3>
        <armor_4>	50	</armor_4>
        <armor_5>	25	</armor_5>
        <armor_6>	20	</armor_6>
        <armor_7>	80	</armor_7>
        <armor_8>	0	</armor_8>
        <armor_9>	80	</armor_9>
      </armor>
      <primaryArmor>armor_1 armor_3 armor_4</primaryArmor>
      <weight>	6000	</weight>
      <maxHealth>	300	</maxHealth>
      <rotationSpeed>	42	</rotationSpeed>
      <turretRotatorHealth>
        <maxHealth>	130	</maxHealth>
        <maxRegenHealth>	65	</maxRegenHealth>
        <repairCost>1.0</repairCost>
      </turretRotatorHealth>
      <circularVisionRadius>	380	</circularVisionRadius>
      <surveyingDeviceHealth>
        <maxHealth>	90	</maxHealth>
        <maxRegenHealth>	45	</maxRegenHealth>
        <repairCost>1.0</repairCost>
      </surveyingDeviceHealth>
      <guns>
        <Cannone_da_90_42>shared<maxAmmo>	48	</maxAmmo><armor><gun>	35	</gun></armor><turretYawLimits>-180 180</turretYawLimits><pitchLimits><minPitch>0 -20 1 -20</minPitch><maxPitch>0 7 0.347222 7 0.402778 3 0.597222 3 0.652778 7 1 7</maxPitch></pitchLimits><invisibilityFactorAtShot>0.25</invisibilityFactorAtShot><reloadTime>7.5</reloadTime><aimingTime>2.4</aimingTime><shotDispersionRadius>0.4</shotDispersionRadius><shotDispersionFactors><turretRotation>0.14</turretRotation><afterShot>	4	</afterShot><whileGunDamaged>2.0</whileGunDamaged></shotDispersionFactors><models><undamaged>vehicles/remodels/classicsworkshop/italy/It09_P43_ter_comprovato/normal/lod0/Gun_02.model</undamaged><destroyed>vehicles/remodels/classicsworkshop/italy/It09_P43_ter_comprovato/crash/lod0/Gun_02.model</destroyed><exploded>vehicles/remodels/classicsworkshop/italy/It09_P43_ter_comprovato/crash/lod0/Gun_02.model</exploded></models><hitTester><collisionModelServer>vehicles/italy/It09_P43_ter/collision/Gun_02.model</collisionModelServer><collisionModelClient>vehicles/italy/It09_P43_ter/collision_client/Gun_02.model</collisionModelClient></hitTester><animateEmblemSlots>	true	</animateEmblemSlots><customization><customizableVehicleAreas><paint>GUN GUN_2</paint><camouflage>GUN</camouflage></customizableVehicleAreas></customization><customizationSlots><slot><slotType>insigniaOnGun</slotType><slotId>	49000	</slotId><rayStart>0.000210401 -0.00341749 2.494</rayStart><rayEnd>-0.0201047 -0.016607 2.34657</rayEnd><rayUp>0.079 0.000000 0.000000</rayUp><applyToFabric>	true	</applyToFabric><size>0.5</size><hideIfDamaged>	false	</hideIfDamaged><isUVProportional>	true	</isUVProportional></slot><slot><slotType>camouflage</slotType><slotId>	42000	</slotId><anchorPosition>0.0001052 -0.00170875 1.48483</anchorPosition><anchorDirection>0.000000 0.000000 1</anchorDirection><applyTo>	4096	</applyTo></slot><slot><slotType>paint</slotType><slotId>	41000	</slotId><anchorPosition>0.0001052 -0.00170875 1.48483</anchorPosition><anchorDirection>0.000000 0.000000 1</anchorDirection><applyTo>	4096	</applyTo></slot><slot><slotType>paint</slotType><slotId>	41001	</slotId><anchorPosition>-0.000467916 0.0826267 0.326266</anchorPosition><anchorDirection>-0.000000 0.000000 1</anchorDirection><applyTo>	16384	</applyTo></slot></customizationSlots><camouflage><tiling>1 0.3 0.000000 0.000000</tiling><density>109.672 119.978</density><aoTextureSize>512 256</aoTextureSize></camouflage></Cannone_da_90_42>
        <Cannone_da_90_53>shared<maxAmmo>	48	</maxAmmo><unlocks><vehicle>It14_P44_Pantera<cost>	100750	</cost></vehicle></unlocks><armor><gun>	35	</gun></armor><turretYawLimits>-180 180</turretYawLimits><pitchLimits><minPitch>0 -20 1 -20</minPitch><maxPitch>0 7 0.347222 7 0.402778 2.5 0.597222 2.5 0.652778 7 1 7</maxPitch></pitchLimits><invisibilityFactorAtShot>0.25</invisibilityFactorAtShot><reloadTime>	8	</reloadTime><aimingTime>2.4</aimingTime><shotDispersionRadius>0.4</shotDispersionRadius><shotDispersionFactors><turretRotation>0.12</turretRotation><afterShot>	4	</afterShot><whileGunDamaged>2.0</whileGunDamaged></shotDispersionFactors><models><undamaged>vehicles/remodels/classicsworkshop/italy/It09_P43_ter_comprovato/normal/lod0/Gun_03.model</undamaged><destroyed>vehicles/remodels/classicsworkshop/italy/It09_P43_ter_comprovato/crash/lod0/Gun_03.model</destroyed><exploded>vehicles/remodels/classicsworkshop/italy/It09_P43_ter_comprovato/crash/lod0/Gun_03.model</exploded></models><hitTester><collisionModelServer>vehicles/italy/It09_P43_ter/collision/Gun_03.model</collisionModelServer><collisionModelClient>vehicles/italy/It09_P43_ter/collision_client/Gun_03.model</collisionModelClient></hitTester><effects>shot_main</effects><animateEmblemSlots>	true	</animateEmblemSlots><customization><customizableVehicleAreas><paint>GUN GUN_2</paint><camouflage>GUN</camouflage></customizableVehicleAreas></customization><customizationSlots><slot><slotType>insigniaOnGun</slotType><slotId>	49000	</slotId><rayStart>-0.0001933 -0.0150294 2.98297</rayStart><rayEnd>0.0180494 -0.015175 2.9807</rayEnd><rayUp>0.087 0.000000 0.000000</rayUp><applyToFabric>	true	</applyToFabric><size>0.5</size><hideIfDamaged>	false	</hideIfDamaged><isUVProportional>	true	</isUVProportional></slot><slot><slotType>camouflage</slotType><slotId>	42000	</slotId><anchorPosition>-0.000097 -0.00751472 1.80737</anchorPosition><anchorDirection>0.000000 0.000000 1</anchorDirection><applyTo>	4096	</applyTo></slot><slot><slotType>paint</slotType><slotId>	41000	</slotId><anchorPosition>-0.000097 -0.00751472 1.80737</anchorPosition><anchorDirection>0.000000 0.000000 1</anchorDirection><applyTo>	4096	</applyTo></slot><slot><slotType>paint</slotType><slotId>	41001	</slotId><anchorPosition>-0.000467767 0.082598 0.326254</anchorPosition><anchorDirection>-0.000000 -0.000000 1</anchorDirection><applyTo>	16384	</applyTo></slot></customizationSlots><camouflage><tiling>1 0.3 0.000000 0.000000</tiling><density>130.717 114.788</density><aoTextureSize>512 256</aoTextureSize></camouflage></Cannone_da_90_53>
      </guns>
      <invisibilityFactor>0.986</invisibilityFactor>
      <models>
        <undamaged>vehicles/remodels/classicsworkshop/italy/It09_P43_ter_comprovato/normal/lod0/Turret_02.model</undamaged>
        <destroyed>vehicles/remodels/classicsworkshop/italy/It09_P43_ter_comprovato/crash/lod0/Turret_02.model</destroyed>
        <exploded>vehicles/remodels/classicsworkshop/italy/It09_P43_ter_comprovato/crash/lod0/Turret_02.model</exploded>
      </models>
      <hitTester>
        <collisionModelServer>vehicles/italy/It09_P43_ter/collision/Turret_02.model</collisionModelServer>
        <collisionModelClient>vehicles/italy/It09_P43_ter/collision_client/Turret_02.model</collisionModelClient>
      </hitTester>
      <gunPosition>0.000000 0.21079 0.84973</gunPosition>
      <wwturretRotatorSoundManual>tur_mech_trav</wwturretRotatorSoundManual>
      <showEmblemsOnGun>	false	</showEmblemsOnGun>
      <physicsShape>1.009 0.004 0.998 -0.000 0.384 0.384 0.872 0.358 0.358 0.479 0.300 0.495 0.264 0.486 0.108</physicsShape>
      <customization>
        <customizableVehicleAreas>
          <paint>TURRET</paint>
          <camouflage>TURRET</camouflage>
        </customizableVehicleAreas>
      </customization>
      <customizationSlots>
        <slot>
          <slotType>player</slotType>
          <slotId>	33000	</slotId>
          <rayStart>	-0.957605 0.423815 0.497759	</rayStart>
          <rayEnd>-0.785912 0.33037 0.455462</rayEnd>
          <rayUp>0.000000 1 0.000000</rayUp>
          <size>0.3</size>
          <hideIfDamaged>	true	</hideIfDamaged>
          <isUVProportional>	true	</isUVProportional>
        </slot>
        <slot>
          <slotType>player</slotType>
          <slotId>	33001	</slotId>
          <rayStart>	0.957605 0.423815 0.497759	</rayStart>
          <rayEnd>0.785912 0.33037 0.455462</rayEnd>
          <rayUp>0.000000 1 0.000000</rayUp>
          <isMirrored>	true	</isMirrored>
          <size>0.3</size>
          <hideIfDamaged>	true	</hideIfDamaged>
          <isUVProportional>	true	</isUVProportional>
        </slot>
        <slot>
          <slotType>camouflage</slotType>
          <slotId>	32000	</slotId>
          <anchorPosition>	0.000000 0.645014 0.000000	</anchorPosition>
          <anchorDirection>-0.000000 1 0.000000</anchorDirection>
        </slot>
        <slot>
          <slotType>paint</slotType>
          <slotId>	31000	</slotId>
          <anchorPosition>	0.000000 0.645017 -0.000004	</anchorPosition>
          <anchorDirection>-0.000000 1 -0.000000</anchorDirection>
        </slot>
      </customizationSlots>
      <camouflage>
        <tiling>0.5 0.5 0.000000 0.000000</tiling>
        <density>118.183 119.024</density>
        <aoTextureSize>512 512</aoTextureSize>
      </camouflage>
    </Turret_2_It09_P43_ter>
  </turrets0>
  <engines>
    <SPA_343>shared<unlocks><engine>V_2_34_modificato<cost>	6100	</cost></engine></unlocks></SPA_343>
    <V_2_34_modificato>shared<unlocks><engine>SPA_344<cost>	11500	</cost></engine></unlocks></V_2_34_modificato>
    <SPA_344>shared</SPA_344>
  </engines>
  <fuelTanks>
    <Average>shared</Average>
  </fuelTanks>
  <radios>
    <R_F_2_C_A>shared<unlocks><radio>R_F_3_M_2<cost>	4080	</cost></radio></unlocks></R_F_2_C_A>
    <R_F_3_M_2>shared<unlocks><radio>R_F_4_M<cost>	7300	</cost></radio></unlocks></R_F_3_M_2>
    <R_F_4_M>shared</R_F_4_M>
  </radios>
  <clientAdjustmentFactors>
  </clientAdjustmentFactors>
  <physics>
    <detailed>
      <engines>
        <SPA_343>
          <smplEnginePower>	460	</smplEnginePower>
          <smplFwMaxSpeed>	55	</smplFwMaxSpeed>
        </SPA_343>
        <V_2_34_modificato>
          <smplEnginePower>	520	</smplEnginePower>
          <smplFwMaxSpeed>	55	</smplFwMaxSpeed>
        </V_2_34_modificato>
        <SPA_344>
          <smplEnginePower>	700	</smplEnginePower>
          <smplFwMaxSpeed>	55	</smplFwMaxSpeed>
        </SPA_344>
      </engines>
      <chassis>
        <Chassis_It09_P43_ter>
          <axleCount>	5	</axleCount>
          <grounds>
            <ground>
              <medium>
                <rollingFriction>0.13685</rollingFriction>
              </medium>
            </ground>
            <sand>
              <medium>
                <rollingFriction>0.13685</rollingFriction>
              </medium>
            </sand>
            <wood>
              <medium>
                <rollingFriction>0.13685</rollingFriction>
              </medium>
            </wood>
            <snow>
              <medium>
                <rollingFriction>0.13685</rollingFriction>
              </medium>
            </snow>
            <stone>
              <medium>
                <rollingFriction>0.13685</rollingFriction>
              </medium>
            </stone>
            <metal>
              <medium>
                <rollingFriction>0.13685</rollingFriction>
              </medium>
            </metal>
          </grounds>
        </Chassis_It09_P43_ter>
        <Chassis_It09_P43_ter_2>
          <axleCount>	5	</axleCount>
          <grounds>
            <ground>
              <medium>
                <rollingFriction>0.08855</rollingFriction>
              </medium>
            </ground>
            <sand>
              <medium>
                <rollingFriction>0.08855</rollingFriction>
              </medium>
            </sand>
            <wood>
              <medium>
                <rollingFriction>0.08855</rollingFriction>
              </medium>
            </wood>
            <snow>
              <medium>
                <rollingFriction>0.08855</rollingFriction>
              </medium>
            </snow>
            <stone>
              <medium>
                <rollingFriction>0.08855</rollingFriction>
              </medium>
            </stone>
            <metal>
              <medium>
                <rollingFriction>0.08855</rollingFriction>
              </medium>
            </metal>
          </grounds>
        </Chassis_It09_P43_ter_2>
      </chassis>
    </detailed>
  </physics>
  <effects>
    <collision>
    </collision>
    <damagedStateGroup>large</damagedStateGroup>
  </effects>
  <emblems>
    <default>	15500	</default>
    <lodDist>MEDIUM</lodDist>
    <alpha>	1	</alpha>
  </emblems>
</it09_p43_ter.xml>